                  epoch,         train/box_loss,         train/cls_loss,         train/dfl_loss,   metrics/precision(B),      metrics/recall(B),       metrics/mAP50(B),    metrics/mAP50-95(B),           val/box_loss,           val/cls_loss,           val/dfl_loss,                 lr/pg0,                 lr/pg1,                 lr/pg2
                      1,                 1.0598,                 3.1487,                 1.2449,                0.64588,                0.53182,                0.57486,                0.40194,                 1.0416,                 1.6039,                 1.2124,             0.00013872,             0.00013872,             0.00013872
                      2,                 1.1217,                  1.953,                 1.3066,                0.68496,                0.61405,                0.66275,                0.45771,                  1.056,                 1.3767,                 1.2231,             0.00022273,             0.00022273,             0.00022273
                      3,                 1.0964,                  1.727,                 1.2903,                0.66434,                 0.6368,                0.66758,                0.45208,                 1.0528,                 1.2612,                 1.2132,              0.0002517,              0.0002517,              0.0002517
                      4,                 1.0668,                 1.5839,                 1.2703,                0.72725,                0.66011,                0.72141,                0.51152,                 1.0023,                 1.1496,                 1.1753,              0.0001693,              0.0001693,              0.0001693
                      5,                 1.0181,                  1.472,                 1.2335,                0.76658,                0.68158,                0.75177,                0.54156,                0.96231,                 1.0594,                 1.1461,             8.6736e-05,             8.6736e-05,             8.6736e-05
