                  epoch,         train/box_loss,         train/cls_loss,         train/dfl_loss,   metrics/precision(B),      metrics/recall(B),       metrics/mAP50(B),    metrics/mAP50-95(B),           val/box_loss,           val/cls_loss,           val/dfl_loss,                 lr/pg0,                 lr/pg1,                 lr/pg2
                      1,                 1.0567,                 3.1628,                 1.2433,                0.61739,                0.53345,                0.56264,                0.38413,                 1.0643,                  1.631,                  1.206,             0.00013872,             0.00013872,             0.00013872
                      2,                 1.1218,                 1.9611,                 1.2947,                0.67276,                0.61861,                0.66516,                 0.4515,                 1.0696,                 1.3649,                 1.2301,             0.00022273,             0.00022273,             0.00022273
                      3,                 1.0972,                 1.7316,                 1.2916,                 0.6955,                 0.6211,                0.67704,                0.46143,                 1.0587,                 1.2445,                 1.2286,              0.0002517,              0.0002517,              0.0002517
                      4,                 1.0568,                 1.5882,                 1.2599,                0.67353,                0.69325,                0.71985,                0.50836,                 1.0067,                 1.1224,                 1.1751,              0.0001693,              0.0001693,              0.0001693
                      5,                 1.0007,                 1.4633,                 1.2229,                0.74199,                0.70734,                0.75981,                 0.5445,                0.95541,                 1.0361,                 1.1301,             8.6736e-05,             8.6736e-05,             8.6736e-05
