                  epoch,         train/box_loss,         train/cls_loss,         train/dfl_loss,   metrics/precision(B),      metrics/recall(B),       metrics/mAP50(B),    metrics/mAP50-95(B),           val/box_loss,           val/cls_loss,           val/dfl_loss,                 lr/pg0,                 lr/pg1,                 lr/pg2
                      1,                 1.0518,                 3.1425,                  1.247,                0.65198,                0.54186,                0.59259,                0.40439,                 1.0373,                 1.5466,                 1.2013,             0.00013872,             0.00013872,             0.00013872
                      2,                 1.1188,                  1.942,                 1.2982,                0.64438,                0.60072,                0.64406,                0.43664,                 1.0441,                 1.3059,                 1.2118,             0.00022273,             0.00022273,             0.00022273
                      3,                 1.0933,                 1.7141,                 1.2799,                0.68575,                0.64842,                0.69411,                0.47086,                 1.0491,                 1.2588,                  1.205,              0.0002517,              0.0002517,              0.0002517
                      4,                 1.0476,                 1.5824,                 1.2532,                0.71062,                0.70718,                0.74558,                0.52124,                 1.0108,                 1.1059,                 1.1698,              0.0001693,              0.0001693,              0.0001693
                      5,                 1.0046,                 1.4547,                 1.2196,                0.76808,                0.70861,                0.77724,                0.55514,                0.95807,                 1.0238,                 1.1314,             8.6736e-05,             8.6736e-05,             8.6736e-05
