                  epoch,         train/box_loss,         train/cls_loss,         train/dfl_loss,   metrics/precision(B),      metrics/recall(B),       metrics/mAP50(B),    metrics/mAP50-95(B),           val/box_loss,           val/cls_loss,           val/dfl_loss,                 lr/pg0,                 lr/pg1,                 lr/pg2
                      1,                 1.0523,                 3.1443,                 1.2442,                 0.6176,                0.52176,                0.56074,                0.38948,                 1.0736,                 1.6236,                 1.2131,             0.00013872,             0.00013872,             0.00013872
                      2,                 1.1144,                 1.9529,                 1.3046,                  0.664,                0.59214,                0.63169,                0.42733,                 1.0876,                 1.3771,                  1.228,             0.00022273,             0.00022273,             0.00022273
                      3,                 1.0914,                 1.7302,                 1.2868,                0.66917,                0.63133,                0.65892,                0.44282,                 1.0911,                 1.2786,                 1.2166,              0.0002517,              0.0002517,              0.0002517
                      4,                 1.0551,                 1.5848,                 1.2671,                0.73775,                0.63884,                0.71042,                0.50325,                 1.0147,                  1.164,                 1.1656,              0.0001693,              0.0001693,              0.0001693
                      5,                 1.0153,                 1.4678,                 1.2381,                0.75041,                0.67531,                   0.74,                0.53883,                0.96544,                 1.0649,                 1.1372,             8.6736e-05,             8.6736e-05,             8.6736e-05
