                  epoch,         train/box_loss,         train/cls_loss,         train/dfl_loss,   metrics/precision(B),      metrics/recall(B),       metrics/mAP50(B),    metrics/mAP50-95(B),           val/box_loss,           val/cls_loss,           val/dfl_loss,                 lr/pg0,                 lr/pg1,                 lr/pg2
                      1,                 1.0487,                 3.1361,                 1.2396,                0.65981,                0.52677,                 0.5852,                0.40434,                 1.0346,                 1.5322,                 1.2024,             0.00013872,             0.00013872,             0.00013872
                      2,                 1.1165,                 1.9456,                    1.3,                0.67828,                0.60353,                0.65452,                0.44294,                  1.065,                 1.3135,                 1.2272,             0.00022273,             0.00022273,             0.00022273
                      3,                 1.0988,                 1.7117,                 1.2844,                0.66551,                0.64347,                0.69066,                 0.4722,                 1.0414,                 1.1954,                 1.1932,              0.0002517,              0.0002517,              0.0002517
                      4,                 1.0553,                 1.5759,                 1.2602,                0.71847,                0.68019,                0.73905,                 0.5155,                0.99577,                 1.0946,                 1.1641,              0.0001693,              0.0001693,              0.0001693
                      5,                 1.0073,                 1.4605,                 1.2286,                0.73945,                0.69964,                0.75785,                0.54236,                0.95287,                 1.0139,                  1.136,             8.6736e-05,             8.6736e-05,             8.6736e-05
